run_dir,dataset,stage,hidden_size,num_layers,seq_len,sequence_duration_s,history_label,seed,trainable_parameter_count,elapsed_training_time_s,peak_gpu_memory_mb,valid,open_loop_val_r2,open_loop_val_rmse,open_loop_val_nrmse,open_loop_val_mae,open_loop_median_case_r2,closed_loop_total_time_s,closed_loop_n_sweep_cases,closed_loop_sweep_cases_are_canonical_validation_partition,closed_loop_mean_inference_time_s,closed_loop_validation_median_abs_f_osc_rel_error,closed_loop_status_aware_report_csv,closed_loop_validation_n,closed_loop_validation_unscored,closed_loop_validation_n_settled_lco,closed_loop_validation_stable_count_among_settled_lco,closed_loop_validation_median_abs_rel_amp_error_among_settled_lco,closed_loop_validation_worst_abs_rel_amp_error_among_settled_lco,closed_loop_validation_p90_abs_rel_amp_error_among_settled_lco,closed_loop_validation_n_non_lco,closed_loop_validation_mean_rms_ratio_among_non_lco
/scratch/jote9827/Github/Cylinder/studies/gru_architecture_history_sensitivity/results/bridge/stage1/H128_L1_seq2500_seed123,bridge,1,128,1,2500,5.0,,123,55233,21683.431290388107,17801.073152,True,0.9991939663887024,0.011168352840854696,0.004305612534564204,0.008211257867515087,0.9988664388656616,700.0,5,True,1002.6882843494416,0.0525187473961948,/scratch/jote9827/Github/Cylinder/studies/gru_architecture_history_sensitivity/results/bridge/stage1/H128_L1_seq2500_seed123/closed_loop_eval/status_aware_report.csv,5,0,0,,,,,5,2.640430927453272
/scratch/jote9827/Github/Cylinder/studies/gru_architecture_history_sensitivity/results/bridge/stage1/H128_L1_seq2500_seed456,bridge,1,128,1,2500,5.0,,456,55233,17199.049028158188,17801.073152,True,0.9981897473335266,0.016736807645643025,0.006452357819862343,0.010787058621644974,0.9984545707702637,700.0,5,True,995.6717639923096,0.1082562737283196,/scratch/jote9827/Github/Cylinder/studies/gru_architecture_history_sensitivity/results/bridge/stage1/H128_L1_seq2500_seed456/closed_loop_eval/status_aware_report.csv,5,0,0,,,,,5,2.5398621238380454
/scratch/jote9827/Github/Cylinder/studies/gru_architecture_history_sensitivity/results/bridge/stage1/H128_L1_seq2500_seed789,bridge,1,128,1,2500,5.0,,789,55233,16158.333107709885,17801.073152,True,0.9976152777671814,0.019209838248466074,0.00740575817474054,0.012236728332936764,0.9983489513397217,700.0,5,True,995.1663261890411,0.0657664732506947,/scratch/jote9827/Github/Cylinder/studies/gru_architecture_history_sensitivity/results/bridge/stage1/H128_L1_seq2500_seed789/closed_loop_eval/status_aware_report.csv,5,0,0,,,,,5,2.5017749961719447
/scratch/jote9827/Github/Cylinder/studies/gru_architecture_history_sensitivity/results/bridge/stage1/H128_L2_seq2500_seed123,bridge,1,128,2,2500,5.0,,123,154305,27372.421216011047,23065.088512,True,0.9965331554412842,0.023161857945954253,0.008929336968213504,0.014250577427446842,0.9974538087844849,700.0,5,True,1879.3716769695282,0.09860144194779755,/scratch/jote9827/Github/Cylinder/studies/gru_architecture_history_sensitivity/results/bridge/stage1/H128_L2_seq2500_seed123/closed_loop_eval/status_aware_report.csv,5,0,0,,,,,5,2.132352478294376
/scratch/jote9827/Github/Cylinder/studies/gru_architecture_history_sensitivity/results/bridge/stage1/H128_L2_seq2500_seed456,bridge,1,128,2,2500,5.0,,456,154305,25443.510719060898,23065.088512,True,0.9962953329086304,0.023943078590677215,0.009230512392030262,0.014271354302763939,0.9974432587623596,700.0,5,True,1877.3635553359986,0.1470658662296529,/scratch/jote9827/Github/Cylinder/studies/gru_architecture_history_sensitivity/results/bridge/stage1/H128_L2_seq2500_seed456/closed_loop_eval/status_aware_report.csv,5,0,0,,,,,5,2.177909871881257
/scratch/jote9827/Github/Cylinder/studies/gru_architecture_history_sensitivity/results/bridge/stage1/H128_L2_seq2500_seed789,bridge,1,128,2,2500,5.0,,789,154305,35070.43726205826,23065.088512,True,0.9980022311210632,0.017582450771538985,0.006778369336019551,0.010627071373164654,0.9983446598052979,700.0,5,True,1885.9080311775208,0.1256255792400371,/scratch/jote9827/Github/Cylinder/studies/gru_architecture_history_sensitivity/results/bridge/stage1/H128_L2_seq2500_seed789/closed_loop_eval/status_aware_report.csv,5,0,0,,,,,5,2.3479078039751258
/scratch/jote9827/Github/Cylinder/studies/gru_architecture_history_sensitivity/results/bridge/stage1/H32_L1_seq2500_seed123,bridge,1,32,1,2500,5.0,,123,4641,13820.963284015656,4527.13984,True,0.9990419149398804,0.012176037422943549,0.004694094115452082,0.009202944114804268,0.9984307289123535,700.0,5,True,516.8012729644776,0.1748677248677248,/scratch/jote9827/Github/Cylinder/studies/gru_architecture_history_sensitivity/results/bridge/stage1/H32_L1_seq2500_seed123/closed_loop_eval/status_aware_report.csv,5,0,0,,,,,5,24.798938862327805
/scratch/jote9827/Github/Cylinder/studies/gru_architecture_history_sensitivity/results/bridge/stage1/H32_L1_seq2500_seed456,bridge,1,32,1,2500,5.0,,456,4641,9222.216136455536,4577.250304,True,0.9990840554237366,0.01190521425146117,0.004589686629549647,0.008907053619623184,0.998522937297821,700.0,5,True,513.1908857345582,0.1420025991510596,/scratch/jote9827/Github/Cylinder/studies/gru_architecture_history_sensitivity/results/bridge/stage1/H32_L1_seq2500_seed456/closed_loop_eval/status_aware_report.csv,5,0,0,,,,,5,3.5582250537266993
/scratch/jote9827/Github/Cylinder/studies/gru_architecture_history_sensitivity/results/bridge/stage1/H32_L1_seq2500_seed789,bridge,1,32,1,2500,5.0,,789,4641,9270.873412370682,4577.250304,True,0.9989576935768127,0.012700019821097024,0.0048960993004179216,0.009454714134335518,0.998320996761322,700.0,5,True,532.3234200000763,0.1723669060803772,/scratch/jote9827/Github/Cylinder/studies/gru_architecture_history_sensitivity/results/bridge/stage1/H32_L1_seq2500_seed789/closed_loop_eval/status_aware_report.csv,5,0,0,,,,,5,3.6522472088179305
/scratch/jote9827/Github/Cylinder/studies/gru_architecture_history_sensitivity/results/bridge/stage1/H32_L2_seq2500_seed123,bridge,1,32,2,2500,5.0,,123,10977,20364.44431734085,5840.173568,True,0.9990465044975281,0.012146935953745025,0.004682874945325486,0.008323285728693008,0.9988993406295776,700.0,5,True,902.6701305866242,0.14419610798343085,/scratch/jote9827/Github/Cylinder/studies/gru_architecture_history_sensitivity/results/bridge/stage1/H32_L2_seq2500_seed123/closed_loop_eval/status_aware_report.csv,5,0,0,,,,,5,2.424844625211763
/scratch/jote9827/Github/Cylinder/studies/gru_architecture_history_sensitivity/results/bridge/stage1/H32_L2_seq2500_seed456,bridge,1,32,2,2500,5.0,,456,10977,20635.994124174118,5840.173568,True,0.9988018274307251,0.013616396107741822,0.00524937979597337,0.00938008725643158,0.9983276128768921,700.0,5,True,910.6805433273315,0.06440939775697675,/scratch/jote9827/Github/Cylinder/studies/gru_architecture_history_sensitivity/results/bridge/stage1/H32_L2_seq2500_seed456/closed_loop_eval/status_aware_report.csv,5,0,0,,,,,5,2.411007884907892
/scratch/jote9827/Github/Cylinder/studies/gru_architecture_history_sensitivity/results/bridge/stage1/H32_L2_seq2500_seed789,bridge,1,32,2,2500,5.0,,789,10977,44741.712926864624,5840.173568,True,0.9978221654891968,0.018357654215694606,0.007077225014520692,0.011282521300017834,0.9980785250663757,700.0,5,True,899.5921491146088,0.2616173200637723,/scratch/jote9827/Github/Cylinder/studies/gru_architecture_history_sensitivity/results/bridge/stage1/H32_L2_seq2500_seed789/closed_loop_eval/status_aware_report.csv,5,0,0,,,,,5,1.9874774693608237
/scratch/jote9827/Github/Cylinder/studies/gru_architecture_history_sensitivity/results/bridge/stage1/H64_L1_seq2500_seed123,bridge,1,64,1,2500,5.0,,123,15361,16955.85652923584,8953.026048,True,0.999229907989502,0.010916339945979119,0.004208456768220681,0.008256095461547375,0.9988067150115967,700.0,5,True,628.5346659183502,0.1327344365629097,/scratch/jote9827/Github/Cylinder/studies/gru_architecture_history_sensitivity/results/bridge/stage1/H64_L1_seq2500_seed123/closed_loop_eval/status_aware_report.csv,5,0,0,,,,,5,3.2099396005947844
/scratch/jote9827/Github/Cylinder/studies/gru_architecture_history_sensitivity/results/bridge/stage1/H64_L1_seq2500_seed456,bridge,1,64,1,2500,5.0,,456,15361,16994.83766937256,8953.026048,True,0.9991301894187927,0.011601455859374886,0.00447258198940419,0.008456175215542316,0.998847246170044,700.0,5,True,629.4230781555176,0.15527742314668092,/scratch/jote9827/Github/Cylinder/studies/gru_architecture_history_sensitivity/results/bridge/stage1/H64_L1_seq2500_seed456/closed_loop_eval/status_aware_report.csv,5,0,0,,,,,5,3.7481665959177803
/scratch/jote9827/Github/Cylinder/studies/gru_architecture_history_sensitivity/results/bridge/stage1/H64_L1_seq2500_seed789,bridge,1,64,1,2500,5.0,,789,15361,39628.14735913277,8953.026048,True,0.999258816242218,0.010709668309382003,0.004128780919709135,0.007984188385307789,0.9988132119178772,700.0,5,True,628.6643773555755,0.0969968031897002,/scratch/jote9827/Github/Cylinder/studies/gru_architecture_history_sensitivity/results/bridge/stage1/H64_L1_seq2500_seed789/closed_loop_eval/status_aware_report.csv,5,0,0,,,,,5,3.438741033718062
/scratch/jote9827/Github/Cylinder/studies/gru_architecture_history_sensitivity/results/bridge/stage1/H64_L2_seq2500_seed123,bridge,1,64,2,2500,5.0,,123,40321,24339.299380540848,11581.472768,True,0.9983668923377991,0.01589701844778331,0.00612860310435322,0.009246262721717358,0.998259425163269,700.0,5,True,1143.2721408843995,0.13022891221730482,/scratch/jote9827/Github/Cylinder/studies/gru_architecture_history_sensitivity/results/bridge/stage1/H64_L2_seq2500_seed123/closed_loop_eval/status_aware_report.csv,5,0,0,,,,,5,2.3642243619271417
/scratch/jote9827/Github/Cylinder/studies/gru_architecture_history_sensitivity/results/bridge/stage1/H64_L2_seq2500_seed456,bridge,1,64,2,2500,5.0,,456,40321,46433.83355307579,11581.472768,True,0.998500406742096,0.015233387307556037,0.005872760672044196,0.009709209203720093,0.9987748265266418,700.0,5,True,1142.09454164505,0.08935545770071704,/scratch/jote9827/Github/Cylinder/studies/gru_architecture_history_sensitivity/results/bridge/stage1/H64_L2_seq2500_seed456/closed_loop_eval/status_aware_report.csv,5,0,0,,,,,5,2.448791766775885
/scratch/jote9827/Github/Cylinder/studies/gru_architecture_history_sensitivity/results/bridge/stage1/H64_L2_seq2500_seed789,bridge,1,64,2,2500,5.0,,789,40321,24870.18462395668,11581.472768,True,0.9986335039138794,0.01454160896452382,0.005606066957461336,0.008891026489436626,0.9983779191970825,700.0,5,True,1142.3724483489991,0.0823601501760483,/scratch/jote9827/Github/Cylinder/studies/gru_architecture_history_sensitivity/results/bridge/stage1/H64_L2_seq2500_seed789/closed_loop_eval/status_aware_report.csv,5,0,0,,,,,5,2.3668665859659237
