run_dir,dataset,stage,hidden_size,num_layers,seq_len,sequence_duration_s,history_label,seed,trainable_parameter_count,elapsed_training_time_s,peak_gpu_memory_mb,valid,open_loop_val_r2,open_loop_val_rmse,open_loop_val_nrmse,open_loop_val_mae,open_loop_median_case_r2,closed_loop_total_time_s,closed_loop_n_sweep_cases,closed_loop_sweep_cases_are_canonical_validation_partition,closed_loop_mean_inference_time_s,closed_loop_validation_median_abs_f_osc_rel_error,closed_loop_validation_stable_count,closed_loop_validation_n,closed_loop_validation_median_abs_rel_amp_error,closed_loop_validation_worst_abs_rel_amp_error,closed_loop_validation_p90_abs_rel_amp_error
/scratch/jote9827/Github/Cylinder/studies/gru_architecture_history_sensitivity/results/cylinder200/stage1/H128_L1_seq1000_seed123,cylinder200,1,128,1,1000,5.0,,123,55233,2412.09716129303,7138.33216,True,0.9333712458610535,0.13647590595646247,0.0369295695651367,0.07502490282058716,0.9775431752204895,500.0,4,True,160.50957655906677,0.08036436186587889,4,4,1.1731158548303826,2.147651786781017,2.053688355890425
/scratch/jote9827/Github/Cylinder/studies/gru_architecture_history_sensitivity/results/cylinder200/stage1/H128_L1_seq1000_seed456,cylinder200,1,128,1,1000,5.0,,456,55233,2468.293042421341,7138.33216,True,0.9265189170837402,0.1433220294985745,0.03878208993368146,0.09026205539703369,0.9498692154884338,500.0,4,True,177.65690100193024,0.07219085116724852,3,4,1.7136919152337757,2.5834992112055923,2.409537752011229
/scratch/jote9827/Github/Cylinder/studies/gru_architecture_history_sensitivity/results/cylinder200/stage1/H128_L1_seq1000_seed789,cylinder200,1,128,1,1000,5.0,,789,55233,1726.2552890777588,7188.237824,True,0.9348523020744324,0.134950580006265,0.03651682542255305,0.08231864124536514,0.967091828584671,500.0,4,True,170.90980583429337,0.0686312802633014,4,4,1.824377775537248,3.0982237373250245,2.8434545449674693
/scratch/jote9827/Github/Cylinder/studies/gru_architecture_history_sensitivity/results/cylinder200/stage1/H128_L2_seq1000_seed123,cylinder200,1,128,2,1000,5.0,,123,154305,4473.812322854996,9245.766144,True,0.9377967715263367,0.13186563228040607,0.035682056890712265,0.0718778520822525,0.9864881336688995,500.0,4,True,266.22035896778107,0.016769833161061225,4,4,0.09724447896046165,3.313283830207501,2.355007485040334
/scratch/jote9827/Github/Cylinder/studies/gru_architecture_history_sensitivity/results/cylinder200/stage1/H128_L2_seq1000_seed456,cylinder200,1,128,2,1000,5.0,,456,154305,6785.411513328552,9245.766144,True,0.9921284317970276,0.046908905264356586,0.012693271153203387,0.02870732545852661,0.9928820729255676,500.0,4,True,274.13194668293,0.00788827680134852,4,4,0.09537903953008599,0.9608969512808426,0.7234606487874684
/scratch/jote9827/Github/Cylinder/studies/gru_architecture_history_sensitivity/results/cylinder200/stage1/H128_L2_seq1000_seed789,cylinder200,1,128,2,1000,5.0,,789,154305,5503.129262208939,9245.766144,True,0.9953868389129639,0.03591078608894288,0.009717245426701354,0.024788737297058105,0.9960997104644775,500.0,4,True,258.12652337551117,0.006603440049968591,4,4,0.061765317475631715,0.3017928019340586,0.24636688859535064
/scratch/jote9827/Github/Cylinder/studies/gru_architecture_history_sensitivity/results/cylinder200/stage1/H32_L1_seq1000_seed123,cylinder200,1,32,1,1000,5.0,,123,4641,1468.4545583724976,1828.511232,True,0.9329047203063965,0.13695285372753446,0.037058628799199286,0.08208311349153519,0.9566286206245422,500.0,4,True,123.99127435684204,0.06331325288443669,4,4,2.0865296698909055,3.9178667019722435,3.551599295555976
/scratch/jote9827/Github/Cylinder/studies/gru_architecture_history_sensitivity/results/cylinder200/stage1/H32_L1_seq1000_seed456,cylinder200,1,32,1,1000,5.0,,456,4641,1487.344786643982,1828.511232,True,0.9366436004638672,0.13308234010340506,0.03601129080108631,0.07292970269918442,0.9674867987632751,500.0,4,True,122.72195762395859,0.0834508909038923,4,4,0.3887701018586434,3.0939182416117244,2.2993150934381603
/scratch/jote9827/Github/Cylinder/studies/gru_architecture_history_sensitivity/results/cylinder200/stage1/H32_L1_seq1000_seed789,cylinder200,1,32,1,1000,5.0,,789,4641,1333.238923072815,1828.511232,True,0.9287132024765015,0.14116591161768435,0.03819865724118576,0.08506173640489578,0.9568028748035431,500.0,4,True,122.25091314315796,0.14048942136819526,4,4,2.097869389232374,5.641409266575216,4.824061978002066
/scratch/jote9827/Github/Cylinder/studies/gru_architecture_history_sensitivity/results/cylinder200/stage1/H32_L2_seq1000_seed123,cylinder200,1,32,2,1000,5.0,,123,10977,2323.290382385254,2351.380992,True,0.9325001835823059,0.13736514148404463,0.03717019141736395,0.0775589719414711,0.9638878703117371,500.0,4,True,149.5005682706833,0.02344386325510938,3,4,0.15657224714452703,2.7973860371856616,2.0290715340565217
/scratch/jote9827/Github/Cylinder/studies/gru_architecture_history_sensitivity/results/cylinder200/stage1/H32_L2_seq1000_seed456,cylinder200,1,32,2,1000,5.0,,456,10977,2672.5340411663055,2351.380992,True,0.9671740531921387,0.09579300552371814,0.025921018340557562,0.06494603306055069,0.9692595303058624,500.0,4,True,165.64491760730743,0.04072346580251328,4,4,0.29045615682685394,0.5318715228612664,0.48343072895091554
/scratch/jote9827/Github/Cylinder/studies/gru_architecture_history_sensitivity/results/cylinder200/stage1/H32_L2_seq1000_seed789,cylinder200,1,32,2,1000,5.0,,789,10977,2152.4043638706207,2351.380992,True,0.9348124265670776,0.1349918498453328,0.036527992795886206,0.07292245328426361,0.9729943871498108,500.0,4,True,165.78863310813904,0.014674633086279842,4,4,0.1084601899588446,2.6481139487928083,1.8891824445369367
/scratch/jote9827/Github/Cylinder/studies/gru_architecture_history_sensitivity/results/cylinder200/stage1/H64_L1_seq1000_seed123,cylinder200,1,64,1,1000,5.0,,123,15361,1777.4027619361877,3597.879808,True,0.9370718598365784,0.13263176794337928,0.03588936865071719,0.0772363469004631,0.9607754945755005,500.0,4,True,120.50691735744476,0.19112095298594034,4,4,0.674507503391848,3.916055737349514,2.9718921840127304
/scratch/jote9827/Github/Cylinder/studies/gru_architecture_history_sensitivity/results/cylinder200/stage1/H64_L1_seq1000_seed456,cylinder200,1,64,1,1000,5.0,,456,15361,1718.2694289684296,3597.879808,True,0.9319275617599487,0.1379465759598857,0.037327524133147424,0.07819575071334839,0.9630627632141113,500.0,4,True,136.46490788459778,0.05652482074168694,4,4,0.2977868699138768,2.5895057532531696,1.9210935923672723
/scratch/jote9827/Github/Cylinder/studies/gru_architecture_history_sensitivity/results/cylinder200/stage1/H64_L1_seq1000_seed789,cylinder200,1,64,1,1000,5.0,,789,15361,1660.7758424282074,3597.879808,True,0.9291553497314453,0.14072744293860812,0.038080010220874025,0.08500730246305466,0.9484883844852448,500.0,4,True,136.3349305987358,0.11040241980924431,4,4,1.7885514727413652,3.3666649986352253,3.037174900487161
/scratch/jote9827/Github/Cylinder/studies/gru_architecture_history_sensitivity/results/cylinder200/stage1/H64_L2_seq1000_seed123,cylinder200,1,64,2,1000,5.0,,123,40321,3464.6749787330627,4649.689088,True,0.9778442978858948,0.07869877520134366,0.02129542114500581,0.04915192350745201,0.9822200834751129,500.0,4,True,175.64159727096558,0.021406547892261527,4,4,0.08665021678428023,0.2867591788130304,0.22683492228648253
/scratch/jote9827/Github/Cylinder/studies/gru_architecture_history_sensitivity/results/cylinder200/stage1/H64_L2_seq1000_seed456,cylinder200,1,64,2,1000,5.0,,456,40321,7294.18984746933,4649.689088,True,0.9610810279846191,0.10430516681499581,0.028224358628741356,0.04748630151152611,0.9887860417366028,500.0,4,True,192.8028958439827,0.006097768190698226,4,4,0.02183249778464656,0.2587500650476371,0.18967220441919858
/scratch/jote9827/Github/Cylinder/studies/gru_architecture_history_sensitivity/results/cylinder200/stage1/H64_L2_seq1000_seed789,cylinder200,1,64,2,1000,5.0,,789,40321,7359.729556083679,4649.689088,True,0.9905766844749451,0.05132481228649055,0.01388818936550011,0.02776257134974003,0.9939586520195007,500.0,4,True,185.801972925663,0.011000816437752652,3,4,0.1055820834418535,0.29519757822516307,0.2657399334515131
